feature,importance
chest_pain,0.2575918903894751
induced_angina,0.243861728371452
thal,0.20608238560027642
sex,0.13886605377048336
age,0.11681528803593126
fasting_blood_sugar,0.02085519410539263
electrocardiographic,0.01592745972698938
